direction,flag_config,k,distance,physical_error_rate,decoder,logical_error_rate,errors,shots,error_bar,decode_time
x,none,1,2,0.00031622776601683794,pymatching,0.003787645757022026,4556,1202858,5.600843766474782e-05,2.1441309452056885
y,none,1,2,0.00031622776601683794,pymatching,0.00628145382138326,5060,805546,8.802714379833286e-05,2.290313959121704
x,partial,1,3,0.00031622776601683794,pymatching,0.0009354377613943178,4064,4344490,1.4666781596102721e-05,2.113649845123291
y,partial,1,3,0.00031622776601683794,pymatching,0.0013991190588308249,4332,3096234,2.1242538842547517e-05,2.0412683486938477
x,all,1,3,0.00031622776601683794,pymatching,0.00052004850944293,3416,6568618,8.895532863391458e-06,2.417224168777466
y,all,1,3,0.00031622776601683794,pymatching,0.0005062970221665658,3363,6642346,8.72834633724152e-06,2.1578261852264404
x,none,1,2,0.0005623413251903491,pymatching,0.007433327878268626,4633,623274,0.00010880077372487787,1.8785779476165771
y,none,1,2,0.0005623413251903491,pymatching,0.011566202190746154,5231,452266,0.0001589908801235954,1.851484775543213
x,partial,1,3,0.0005623413251903491,pymatching,0.0022472075432832207,3971,1767082,3.5620885914370286e-05,2.211535930633545
y,partial,1,3,0.0005623413251903491,pymatching,0.003065297092201218,4453,1452714,4.5864808296292054e-05,2.2345900535583496
x,all,1,3,0.0005623413251903491,pymatching,0.0016216051452433932,3724,2296490,2.655142684871355e-05,2.040879011154175
y,all,1,3,0.0005623413251903491,pymatching,0.0016028083735305635,4101,2558634,2.5008543168773077e-05,2.0254528522491455
x,none,1,2,0.001,pymatching,0.01455293510728411,4570,314026,0.0002137022737111185,1.8839292526245117
y,none,1,2,0.001,pymatching,0.021998765600327035,5489,249514,0.0002936441805185219,1.9759600162506104
x,partial,1,3,0.001,pymatching,0.006090633952032283,4214,691882,9.353811745719635e-05,1.9021391868591309
y,partial,1,3,0.001,pymatching,0.007221159995195632,4449,616106,0.0001078703333145506,1.8843269348144531
x,all,1,3,0.001,pymatching,0.005084626010773462,4174,820906,7.850112187349159e-05,2.6150760650634766
y,all,1,3,0.001,pymatching,0.004880013209772856,4108,841801,7.595275031479339e-05,4.539717197418213
x,none,1,2,0.0017782794100389228,pymatching,0.029523620001547766,5341,180906,0.00039797042858424544,2.252958059310913
y,none,1,2,0.0017782794100389228,pymatching,0.042787576930397815,5395,126088,0.0005699360546522251,3.551452875137329
x,partial,1,3,0.0017782794100389228,pymatching,0.015735744768851874,5022,319146,0.00022029508378298876,2.11568021774292
y,partial,1,3,0.0017782794100389228,pymatching,0.017617812802142457,4355,247193,0.00026460506371856727,1.9080090522766113
x,all,1,3,0.0017782794100389228,pymatching,0.01518407382312135,4706,309930,0.00021965438459795137,1.9061810970306396
y,all,1,3,0.0017782794100389228,pymatching,0.014471620674697186,4337,299690,0.00021815090888074832,2.9982247352600098
x,none,1,2,0.0031622776601683794,pymatching,0.06479279637828964,6512,100505,0.0007764677989661984,2.152114152908325
y,none,1,2,0.0031622776601683794,pymatching,0.08212390339001407,6066,73864,0.001010207085931375,2.004624128341675
x,partial,1,3,0.0031622776601683794,pymatching,0.043162526109950666,4856,112505,0.000605879980758955,2.1297340393066406
y,partial,1,3,0.0031622776601683794,pymatching,0.045687197561596796,5561,121719,0.0005984990245051431,1.9802062511444092
x,all,1,3,0.0031622776601683794,pymatching,0.043201056612835444,7196,166570,0.0004981488535014029,2.2641208171844482
y,all,1,3,0.0031622776601683794,pymatching,0.042944501065505424,4635,107930,0.0006170939003181597,2.0180509090423584
x,none,1,2,0.005623413251903491,pymatching,0.1423097129083099,4605,32359,0.0019421598475561016,1.9766581058502197
y,none,1,2,0.005623413251903491,pymatching,0.15954495870344398,5119,32085,0.0020443147607623726,1.970141887664795
x,partial,1,3,0.005623413251903491,pymatching,0.10377303869535849,5377,51815,0.0013397492361388512,1.8748090267181396
y,partial,1,3,0.005623413251903491,pymatching,0.11087033210704027,6600,59529,0.0012868440876488084,1.952012062072754
x,all,1,3,0.005623413251903491,pymatching,0.11044539407022336,5014,45398,0.0014710984931886406,1.95790696144104
y,all,1,3,0.005623413251903491,pymatching,0.11274250064097086,6596,58505,0.0013075917722624663,1.9467849731445312
x,none,1,2,0.01,pymatching,0.28070067230000617,9102,32426,0.002495340781820388,2.032503128051758
y,none,1,2,0.01,pymatching,0.2895187306603463,8795,30378,0.0026021663747534847,2.2127797603607178
x,partial,1,3,0.01,pymatching,0.24085373091806936,10145,42121,0.0020834835861319933,2.057713031768799
y,partial,1,3,0.01,pymatching,0.24068759342301943,8051,33450,0.002337432289901268,2.057518243789673
x,all,1,3,0.01,pymatching,0.24802722430459656,5029,20276,0.0030329104964572093,1.8735930919647217
y,all,1,3,0.01,pymatching,0.25103139013452913,8397,33450,0.0023708155257526104,1.9154012203216553
x,none,2,3,0.00031622776601683794,pymatching,0.000263487730742612,3348,12706474,4.553134182841581e-06,3.8598592281341553
y,none,2,3,0.00031622776601683794,pymatching,0.0002599649952823511,3287,12644010,4.533760384924876e-06,3.8834731578826904
x,partial,2,5,0.00031622776601683794,pymatching,0.00027585245473025734,4100,14863018,4.307497318343858e-06,4.930876970291138
y,partial,2,5,0.00031622776601683794,pymatching,0.0002566983739516404,4044,15753898,4.036098863844028e-06,4.629024982452393
x,all,2,5,0.00031622776601683794,pymatching,0.0002707263717863302,3957,14616234,4.303172366675343e-06,4.754632949829102
y,all,2,5,0.00031622776601683794,pymatching,0.00025965116160669787,3927,15124138,4.142890258347031e-06,4.660417795181274
x,none,2,3,0.0005623413251903491,pymatching,0.0008780096281196246,3133,3568298,1.5679360292446468e-05,2.610084056854248
y,none,2,3,0.0005623413251903491,pymatching,0.0008833336779713229,3332,3772074,1.5296088724588336e-05,2.709987163543701
x,partial,2,5,0.0005623413251903491,pymatching,0.0009154846980338072,4012,4382378,1.4446802692237589e-05,3.0671849250793457
y,partial,2,5,0.0005623413251903491,pymatching,0.0008845360666878944,3928,4440746,1.4107096810273259e-05,2.9149630069732666
x,all,2,5,0.0005623413251903491,pymatching,0.0009421067799666639,3354,3560106,1.6259752393785907e-05,3.064243793487549
y,all,2,5,0.0005623413251903491,pymatching,0.000898833362180464,3604,4009642,1.4965510146940787e-05,3.043307065963745
x,none,2,3,0.001,pymatching,0.0030935263205182184,3512,1135274,5.211992354253656e-05,2.3699357509613037
y,none,2,3,0.001,pymatching,0.003137365501799007,3671,1170090,5.1700004788990855e-05,2.2644307613372803
x,partial,2,5,0.001,pymatching,0.0031961125386844487,3311,1035946,5.545584587723317e-05,2.242629051208496
y,partial,2,5,0.001,pymatching,0.003045782059050607,3227,1059498,5.3534894237836353e-05,2.4239211082458496
x,all,2,5,0.001,pymatching,0.0033380827204056774,3294,986794,5.806430461783005e-05,2.3212499618530273
y,all,2,5,0.001,pymatching,0.00328502059281924,3208,976554,5.7903712464946575e-05,2.6631550788879395
x,none,2,3,0.0017782794100389228,pymatching,0.011365626818698052,4023,353962,0.00017817067650248346,2.348592758178711
y,none,2,3,0.0017782794100389228,pymatching,0.011354762953177748,3868,340650,0.00018153278841599464,3.1203651428222656
x,partial,2,5,0.0017782794100389228,pymatching,0.01179490927695653,3873,328362,0.0001884058570181333,2.3072588443756104
y,partial,2,5,0.0017782794100389228,pymatching,0.011322082833741955,3796,335274,0.00018272191704213925,2.257817268371582
x,all,2,5,0.0017782794100389228,pymatching,0.012581988922094993,3848,305834,0.0002015497617704285,2.19543194770813
y,all,2,5,0.0017782794100389228,pymatching,0.01218866091870652,3865,317098,0.00019485800410259563,2.134843349456787
x,none,2,3,0.0031622776601683794,pymatching,0.040689297446833035,4236,104106,0.0006123248156227599,2.1038670539855957
y,none,2,3,0.0031622776601683794,pymatching,0.040669224346576195,3848,94617,0.0006421441734989771,2.03021502494812
x,partial,2,5,0.0031622776601683794,pymatching,0.04140791021065011,4014,96938,0.0006398991736113624,2.066164970397949
y,partial,2,5,0.0031622776601683794,pymatching,0.04007599240075992,4008,100010,0.000620210130744342,2.060743808746338
x,all,2,5,0.0031622776601683794,pymatching,0.04753236681674242,4413,92842,0.0006983089197346245,2.0045859813690186
y,all,2,5,0.0031622776601683794,pymatching,0.044294147117123005,4067,91818,0.0006790025111285071,1.9926011562347412
x,none,2,3,0.005623413251903491,pymatching,0.1395355031161775,5239,37546,0.0017882449255830293,2.0057590007781982
y,none,2,3,0.005623413251903491,pymatching,0.14152114541090788,5130,36249,0.0018307433005883076,2.000802755355835
x,partial,2,5,0.005623413251903491,pymatching,0.13693901035673187,4403,32153,0.0019172272173003267,2.0270841121673584
y,partial,2,5,0.005623413251903491,pymatching,0.134688115911149,5057,37546,0.001761850829097101,2.3148040771484375
x,all,2,5,0.005623413251903491,pymatching,0.1554794917909149,5360,34474,0.0019516225060703806,2.090179920196533
y,all,2,5,0.005623413251903491,pymatching,0.1484590681165136,5270,35498,0.001887140289816559,2.01263165473938
x,none,2,3,0.01,pymatching,0.34259521784330405,7250,21162,0.003262336256228142,2.007193088531494
y,none,2,3,0.01,pymatching,0.33692581353981377,6440,19114,0.0034187899023298113,2.014056921005249
x,partial,2,5,0.01,pymatching,0.3404277904569821,6414,18841,0.0034521662518866318,2.059230089187622
y,partial,2,5,0.01,pymatching,0.33145799055251846,6245,18841,0.0034294669586352245,2.0001437664031982
x,all,2,5,0.01,pymatching,0.3651715997820955,6033,16521,0.003745920061237307,2.041856050491333
y,all,2,5,0.01,pymatching,0.35185185185185186,6365,18090,0.00355056754858944,2.117400884628296
x,none,3,4,0.00031622776601683794,pymatching,4.062333196347679e-05,3870,95265450,6.529970778717677e-07,43.04258894920349
y,none,3,4,0.00031622776601683794,pymatching,3.974651327156745e-05,3808,95807146,6.440831471098811e-07,43.19720983505249
x,partial,3,7,0.00031622776601683794,pymatching,0.00010625064969109684,3326,31303338,1.8422450514225142e-06,17.153417110443115
y,partial,3,7,0.00031622776601683794,pymatching,0.00010107013484597043,3228,31938218,1.7788287248260204e-06,17.202129125595093
x,all,3,7,0.00031622776601683794,pymatching,8.768028837757792e-05,3640,41514462,1.4532229148567247e-06,23.177233695983887
y,all,3,7,0.00031622776601683794,pymatching,8.003159392664489e-05,4098,51204778,1.250138442269698e-06,31.477842330932617
x,none,3,4,0.0005623413251903491,pymatching,0.00016268379071203242,4128,25374378,2.5318566321922007e-06,17.134033918380737
y,none,3,4,0.0005623413251903491,pymatching,0.0001615720686015902,4094,25338538,2.5249761387028756e-06,17.117980003356934
x,partial,3,7,0.0005623413251903491,pymatching,0.00037420997962659156,3380,9032362,6.43540289137798e-06,7.617249011993408
y,partial,3,7,0.0005623413251903491,pymatching,0.00035636223848962024,3252,9125546,6.247971113227591e-06,7.467350006103516
x,all,3,7,0.0005623413251903491,pymatching,0.0003287719846004363,3854,11722410,5.295019263265487e-06,9.699289798736572
y,all,3,7,0.0005623413251903491,pymatching,0.00029844928905115785,3556,11914922,5.004087043516212e-06,9.858863115310669
x,none,3,4,0.001,pymatching,0.0007522953471679112,3511,4667050,1.2691400249914093e-05,6.068314790725708
y,none,3,4,0.001,pymatching,0.0007461728793020597,3500,4690602,1.2607917197116833e-05,5.963520050048828
x,partial,3,7,0.001,pymatching,0.001418590462356366,3297,2324138,2.4688192801750024e-05,4.06338095664978
y,partial,3,7,0.001,pymatching,0.001380108171794226,3233,2342570,2.4255508370199816e-05,4.105886220932007
x,all,3,7,0.001,pymatching,0.001334115867859917,3878,2906794,2.140916623313006e-05,4.816577911376953
y,all,3,7,0.001,pymatching,0.0012489527152191391,3688,2952874,2.0553186552562228e-05,4.859527111053467
x,none,3,4,0.0017782794100389228,pymatching,0.004057645517499532,3252,801450,7.100941523513269e-05,3.1561439037323
y,none,3,4,0.0017782794100389228,pymatching,0.004152506076065497,3277,789162,7.23883159550469e-05,3.102074146270752
x,partial,3,7,0.0017782794100389228,pymatching,0.006111497565338369,3321,543402,0.00010572605769864581,2.8361499309539795
y,partial,3,7,0.0017782794100389228,pymatching,0.005783357782614449,4108,710314,8.99715820650995e-05,3.1082751750946045
x,all,3,7,0.0017782794100389228,pymatching,0.006322066373057592,3293,520874,0.00010982115539959276,2.8721089363098145
y,all,3,7,0.0017782794100389228,pymatching,0.005736309850783903,3822,666282,9.252051689592148e-05,3.108818292617798
x,none,3,4,0.0031622776601683794,pymatching,0.023843767062176235,3581,150186,0.00039367005032366764,2.401683807373047
y,none,3,4,0.0031622776601683794,pymatching,0.02347523870465866,3742,159402,0.00037922744096305214,2.4454681873321533
x,partial,3,7,0.0031622776601683794,pymatching,0.028867128413342887,3626,125610,0.00047242080096850895,2.456763982772827
y,partial,3,7,0.0031622776601683794,pymatching,0.02897585736890755,3699,127658,0.000469471403390341,2.460175037384033
x,all,3,7,0.0031622776601683794,pymatching,0.033142292128247854,3620,109226,0.0005416385136791982,2.333751916885376
y,all,3,7,0.0031622776601683794,pymatching,0.030838542642524995,3621,117418,0.0005045191447751028,2.3322482109069824
x,none,3,4,0.005623413251903491,pymatching,0.12781001746577272,4537,35498,0.0017720911297833392,2.459728956222534
y,none,3,4,0.005623413251903491,pymatching,0.12482393374274607,4431,35498,0.0017542630103382123,2.3086838722229004
x,partial,3,7,0.005623413251903491,pymatching,0.13312406576980568,4453,33450,0.0018574139317028315,2.2704200744628906
y,partial,3,7,0.005623413251903491,pymatching,0.1348878923766816,4512,33450,0.0018677752596428412,2.27458119392395
x,all,3,7,0.005623413251903491,pymatching,0.16498411577832686,4674,28330,0.002205185600813127,2.2771708965301514
y,all,3,7,0.005623413251903491,pymatching,0.14963301054709183,4852,32426,0.001980934948987026,2.2201011180877686
x,none,3,4,0.01,pymatching,0.3833609729132117,6935,18090,0.003614932311910288,2.248377799987793
y,none,3,4,0.01,pymatching,0.3881149806522941,7021,18090,0.0036232293855019467,2.1981658935546875
x,partial,3,7,0.01,pymatching,0.3901603095632946,7058,18090,0.003626687231711526,2.2221148014068604
y,partial,3,7,0.01,pymatching,0.38422098985037145,7344,19114,0.003518254023563539,2.2465407848358154
x,all,3,7,0.01,pymatching,0.42902155887230514,7761,18090,0.0036798501190357324,2.495260000228882
y,all,3,7,0.01,pymatching,0.4126589275843007,7465,18090,0.003660340819943793,2.2934348583221436
x,none,1,2,0.00031622776601683794,correlated_pymatching,0.00396914893854574,3555,895658,6.643760808452802e-05,2.6400749683380127
y,none,1,2,0.00031622776601683794,correlated_pymatching,0.0064555295867804756,3541,548522,0.00010813407457363185,2.3566360473632812
x,partial,1,3,0.00031622776601683794,correlated_pymatching,0.0008243668953946946,3416,4143786,1.4098812321530638e-05,6.062824010848999
y,partial,1,3,0.00031622776601683794,correlated_pymatching,0.0012534747982470894,3592,2865634,2.0901385884797398e-05,4.819023132324219
x,all,1,3,0.00031622776601683794,correlated_pymatching,0.0005786722228935875,3170,5478058,1.0274893085108425e-05,7.778701066970825
y,all,1,3,0.00031622776601683794,correlated_pymatching,0.0005405955033174853,3913,7238314,8.639728285776834e-06,9.608659029006958
x,none,1,2,0.0005623413251903491,correlated_pymatching,0.007315571799557565,3803,519850,0.00011819271776167146,2.3718793392181396
y,none,1,2,0.0005623413251903491,correlated_pymatching,0.011868444014189908,3727,314026,0.0001932508769884277,2.120474100112915
x,partial,1,3,0.0005623413251903491,correlated_pymatching,0.001920861142081611,3711,1931946,3.1501626873013916e-05,3.9524340629577637
y,partial,1,3,0.0005623413251903491,correlated_pymatching,0.0027092390901437735,3289,1213994,4.717656263614307e-05,3.2394981384277344
x,all,1,3,0.0005623413251903491,correlated_pymatching,0.0015652215925609073,3758,2400938,2.551275113616168e-05,4.724658250808716
y,all,1,3,0.0005623413251903491,correlated_pymatching,0.0015468335981192291,3324,2148906,2.6808773060944382e-05,4.2450010776519775
x,none,1,2,0.001,correlated_pymatching,0.014372780673572463,3910,272042,0.0002281963869647058,2.1696438789367676
y,none,1,2,0.001,correlated_pymatching,0.021538819966218183,3698,171690,0.0003503565593548679,2.0705771446228027
x,partial,1,3,0.001,correlated_pymatching,0.004907267185125097,3545,722398,8.221732869645288e-05,2.6563351154327393
y,partial,1,3,0.001,correlated_pymatching,0.006406253575830492,3919,611746,0.00010200487268447192,2.6993048191070557
x,all,1,3,0.001,correlated_pymatching,0.0045147693136694525,3586,794282,7.522251203423851e-05,2.8284552097320557
y,all,1,3,0.001,correlated_pymatching,0.004606043779025148,3517,763562,7.748887880235268e-05,2.7781028747558594
x,none,1,2,0.0017782794100389228,correlated_pymatching,0.02876229495850216,3819,132778,0.00045868176345161113,2.325212001800537
y,none,1,2,0.0017782794100389228,correlated_pymatching,0.04162821910913514,3970,95368,0.000646784475490628,1.9787960052490234
x,partial,1,3,0.0017782794100389228,correlated_pymatching,0.013225082052167905,3828,289450,0.0002123349389472719,2.222393035888672
y,partial,1,3,0.0017782794100389228,correlated_pymatching,0.014987579354126415,3801,253610,0.00024127004997394997,2.1836071014404297
x,all,1,3,0.0017782794100389228,correlated_pymatching,0.013087659069016216,3614,276138,0.00021627543236948888,2.2598378658294678
y,all,1,3,0.0017782794100389228,correlated_pymatching,0.013116492353876767,3810,290474,0.00021109996836764342,2.22981595993042
x,none,1,2,0.0031622776601683794,correlated_pymatching,0.06148781315972068,4165,67737,0.0009229995786996004,1.9220199584960938
y,none,1,2,0.0031622776601683794,correlated_pymatching,0.08310519062930638,4523,54425,0.0011832448236606665,1.9765360355377197
x,partial,1,3,0.0031622776601683794,correlated_pymatching,0.03575308554025895,4015,112298,0.0005540703139091963,2.038619041442871
y,partial,1,3,0.0031622776601683794,correlated_pymatching,0.04027059209986039,3923,97416,0.0006298733915343708,2.15822696685791
x,all,1,3,0.0031622776601683794,correlated_pymatching,0.03804493593843487,3688,96938,0.0006144390281854487,2.076225996017456
y,all,1,3,0.0031622776601683794,correlated_pymatching,0.036826570301508925,4005,108753,0.0005711001325753748,2.0555222034454346
x,none,1,2,0.005623413251903491,correlated_pymatching,0.13172134302338745,5818,44169,0.0016091586145686827,1.964630126953125
y,none,1,2,0.005623413251903491,correlated_pymatching,0.1566218236173393,5239,33450,0.001987189375443364,1.9115660190582275
x,partial,1,3,0.005623413251903491,correlated_pymatching,0.09334287458169344,4435,47513,0.001334614683553378,1.934453010559082
y,partial,1,3,0.005623413251903491,correlated_pymatching,0.10202917928349522,5189,50858,0.0013421889845206376,1.9276401996612549
x,all,1,3,0.005623413251903491,correlated_pymatching,0.10096637369364642,4618,45738,0.0014087624334112375,1.917421817779541
y,all,1,3,0.005623413251903491,correlated_pymatching,0.10115646930908372,5117,50585,0.0013406888658043848,2.3037757873535156
x,none,1,2,0.01,correlated_pymatching,0.2641753861484803,7953,30105,0.0025410547075572624,2.1577069759368896
y,none,1,2,0.01,correlated_pymatching,0.28742539960769586,6887,23961,0.002923649264645813,1.8845510482788086
x,partial,1,3,0.01,correlated_pymatching,0.2234678624813154,7475,33450,0.002277661566134433,1.9546873569488525
y,partial,1,3,0.01,correlated_pymatching,0.22590170850031638,5355,23705,0.0027160504487117793,1.8813109397888184
x,all,1,3,0.01,correlated_pymatching,0.23324759122814667,5350,22937,0.0027923371281181938,1.9132778644561768
y,all,1,3,0.01,correlated_pymatching,0.2311848413362758,6076,26282,0.002600527438793756,1.9863479137420654
x,none,2,3,0.00031622776601683794,correlated_pymatching,0.00016799483642682413,3685,21935198,2.7672009905171576e-06,82.6636278629303
y,none,2,3,0.00031622776601683794,correlated_pymatching,0.00016498579217996437,3743,22686802,2.696502353354097e-06,82.83858299255371
x,partial,2,5,0.00031622776601683794,correlated_pymatching,0.00013293297974435023,3825,28773898,2.1492560209349626e-06,115.14548993110657
y,partial,2,5,0.00031622776601683794,correlated_pymatching,0.00013414402620187018,3848,28685586,2.1623434469729875e-06,115.1162838935852
x,all,2,5,0.00031622776601683794,correlated_pymatching,0.00011771986242219544,3232,27455010,2.0705632701832315e-06,114.9438111782074
y,all,2,5,0.00031622776601683794,correlated_pymatching,0.00011474131562901796,3064,26703546,2.0727671995227667e-06,115.45685768127441
x,none,2,3,0.0005623413251903491,correlated_pymatching,0.0005440349991386484,3657,6721994,8.993861425969488e-06,32.13007473945618
y,none,2,3,0.0005623413251903491,correlated_pymatching,0.0005492674036960845,3589,6534158,9.165956518810026e-06,32.15998196601868
x,partial,2,5,0.0005623413251903491,correlated_pymatching,0.0004573847382020898,3794,8294986,7.423926496832511e-06,43.89521384239197
y,partial,2,5,0.0005623413251903491,correlated_pymatching,0.00044580524123733097,3735,8378098,7.292946708066787e-06,44.004010915756226
x,all,2,5,0.0005623413251903491,correlated_pymatching,0.00041203590032515443,3702,8984654,6.770603155123144e-06,44.02819514274597
y,all,2,5,0.0005623413251903491,correlated_pymatching,0.0004149454852069275,3432,8270966,7.0815329636040346e-06,43.97249102592468
x,none,2,3,0.001,correlated_pymatching,0.0019746594135944874,3381,1712194,3.392660471638685e-05,10.477431058883667
y,none,2,3,0.001,correlated_pymatching,0.0019739343538015264,3333,1688506,3.4157493205100314e-05,10.287162780761719
x,partial,2,5,0.001,correlated_pymatching,0.0016176921892864437,3342,2065906,2.796025346035372e-05,13.445716381072998
y,partial,2,5,0.001,correlated_pymatching,0.0016329862283113903,3493,2139026,2.7607580109443326e-05,13.45239806175232
x,all,2,5,0.001,correlated_pymatching,0.0015864147414837513,3271,2061882,2.771607358125638e-05,13.556702852249146
y,all,2,5,0.001,correlated_pymatching,0.0015988693911200094,3394,2122750,2.7422661415424376e-05,14.532848834991455
x,none,2,3,0.0017782794100389228,correlated_pymatching,0.00722725824084944,3583,495762,0.00012030262149814338,4.183106184005737
y,none,2,3,0.0017782794100389228,correlated_pymatching,0.007344625747200716,3546,482802,0.00012288519253056908,4.227409839630127
x,partial,2,5,0.0017782794100389228,correlated_pymatching,0.00625436977490896,3775,603578,0.00010147584871077436,4.965466737747192
y,partial,2,5,0.0017782794100389228,correlated_pymatching,0.00604344395119781,3722,615874,9.875975766449463e-05,5.07499098777771
x,all,2,5,0.0017782794100389228,correlated_pymatching,0.006558691416197602,3992,608658,0.0001034648991993818,4.967040061950684
y,all,2,5,0.0017782794100389228,correlated_pymatching,0.006502253174928308,3968,610250,0.00010288723281777345,4.9498701095581055
x,none,2,3,0.0031622776601683794,correlated_pymatching,0.028576531523486336,3520,123178,0.0004747254109120212,2.8583498001098633
y,none,2,3,0.0031622776601683794,correlated_pymatching,0.028264534389161267,3655,129314,0.0004608633492884121,2.6453161239624023
x,partial,2,5,0.0031622776601683794,correlated_pymatching,0.026015272717119682,3727,143262,0.0004205568973534137,4.17422890663147
y,partial,2,5,0.0031622776601683794,correlated_pymatching,0.02539907158821896,3841,151226,0.0004045843680972812,2.986128807067871
x,all,2,5,0.0031622776601683794,correlated_pymatching,0.02828451078687317,3532,124874,0.00046914585846042175,2.7050931453704834
y,all,2,5,0.0031622776601683794,correlated_pymatching,0.027551270764479212,3818,138578,0.0004397005708234102,2.7965450286865234
x,none,2,3,0.005623413251903491,correlated_pymatching,0.10694494795173236,4130,38618,0.0015726220599492947,2.385003089904785
y,none,2,3,0.005623413251903491,correlated_pymatching,0.11181524102455322,4217,37714,0.0016227471760536846,2.4056198596954346
x,partial,2,5,0.005623413251903491,correlated_pymatching,0.10069289779757486,4069,40410,0.001496955899277807,2.3296990394592285
y,partial,2,5,0.005623413251903491,correlated_pymatching,0.10097823428711176,4129,40890,0.0014900142917322545,2.3001348972320557
x,all,2,5,0.005623413251903491,correlated_pymatching,0.11299525409267851,4238,37506,0.0016347174503124826,2.3204972743988037
y,all,2,5,0.005623413251903491,correlated_pymatching,0.11336283663446489,4201,37058,0.0016469003778194942,2.2656476497650146
x,none,2,3,0.01,correlated_pymatching,0.30512596050967805,6274,20562,0.0032111452148317,2.3705458641052246
y,none,2,3,0.01,correlated_pymatching,0.3026530025859592,6320,20882,0.0031791492379262595,2.5107641220092773
x,partial,2,5,0.01,correlated_pymatching,0.30014443909484834,6234,20770,0.003180175674687214,2.4151499271392822
y,partial,2,5,0.01,correlated_pymatching,0.29936964907329006,6364,21258,0.0031411390085003877,2.358151912689209
x,all,2,5,0.01,correlated_pymatching,0.3232849273910866,6456,19970,0.00330983710900908,2.358733892440796
y,all,2,5,0.01,correlated_pymatching,0.32989690721649484,6464,19594,0.0033589101084643843,2.3924448490142822
x,none,3,4,0.00031622776601683794,correlated_pymatching,2.15e-05,2150,100000000,4.6367594017805154e-07,1023.1178112030029
y,none,3,4,0.00031622776601683794,correlated_pymatching,2.282e-05,2282,100000000,4.77697385879387e-07,1012.767881155014
x,partial,3,7,0.00031622776601683794,correlated_pymatching,7.24e-06,724,100000000,2.6907150689733016e-07,1096.7382283210754
y,partial,3,7,0.00031622776601683794,correlated_pymatching,7.98e-06,798,100000000,2.8248781070340007e-07,1134.7078421115875
x,all,3,7,0.00031622776601683794,correlated_pymatching,4.77e-06,477,100000000,2.184027757859318e-07,1101.9577090740204
y,all,3,7,0.00031622776601683794,correlated_pymatching,4.67e-06,467,100000000,2.1610132325138595e-07,1103.2286450862885
x,none,3,4,0.0005623413251903491,correlated_pymatching,8.62716620062344e-05,3459,40094278,1.46681096979481e-06,432.473778963089
y,none,3,4,0.0005623413251903491,correlated_pymatching,9.028296745179801e-05,3597,39841402,1.5052755264017631e-06,432.47049593925476
x,partial,3,7,0.0005623413251903491,correlated_pymatching,3.5745072001570055e-05,3199,89494854,6.319770307145933e-07,1033.2420301437378
y,partial,3,7,0.0005623413251903491,correlated_pymatching,3.8101272879110895e-05,3006,78895002,6.949230592361923e-07,913.3716878890991
x,all,3,7,0.0005623413251903491,correlated_pymatching,2.98e-05,2980,100000000,5.458856286805873e-07,1173.2298228740692
y,all,3,7,0.0005623413251903491,correlated_pymatching,2.838e-05,2838,100000000,5.327212645990396e-07,1165.808219909668
x,none,3,4,0.001,correlated_pymatching,0.0003929055648653529,3969,10101664,6.2353709506440164e-06,115.93862104415894
y,none,3,4,0.001,correlated_pymatching,0.00041308071386661965,4082,9881846,6.464109443080297e-06,115.8435959815979
x,partial,3,7,0.001,correlated_pymatching,0.00020341685154177068,3688,18130258,3.349247917332877e-06,224.5767638683319
y,partial,3,7,0.001,correlated_pymatching,0.00021950329508576178,3981,18136402,3.4785422730980125e-06,224.12630772590637
x,all,3,7,0.001,correlated_pymatching,0.0001995423212968548,3539,17735586,3.3539099998656094e-06,224.3922312259674
y,all,3,7,0.001,correlated_pymatching,0.00019033546318753807,3414,17936752,3.2572164553338496e-06,224.5796980857849
x,none,3,4,0.0017782794100389228,correlated_pymatching,0.002054193390002148,3347,1629350,3.5470470564782504e-05,24.888326168060303
y,none,3,4,0.0017782794100389228,correlated_pymatching,0.0021822215991173584,3580,1640530,3.6431995153066015e-05,24.676324129104614
x,partial,3,7,0.0017782794100389228,correlated_pymatching,0.0013655546799754838,3899,2855250,2.1854242022249058e-05,44.59174466133118
y,partial,3,7,0.0017782794100389228,correlated_pymatching,0.0014497645360648226,4132,2850118,2.2537320183636353e-05,44.61292123794556
x,all,3,7,0.0017782794100389228,correlated_pymatching,0.0015719524825602736,3075,1956166,2.8325347081688803e-05,33.71998620033264
y,all,3,7,0.0017782794100389228,correlated_pymatching,0.0014466749235916303,3941,2724178,2.3027848691954884e-05,44.83099603652954
x,none,3,4,0.0031622776601683794,correlated_pymatching,0.013406380242193375,3815,284566,0.00021559238312744429,7.1615729331970215
y,none,3,4,0.0031622776601683794,correlated_pymatching,0.01372567373231107,3226,235034,0.00023999398317899826,6.1230692863464355
x,partial,3,7,0.0031622776601683794,correlated_pymatching,0.010186792620049318,3908,383634,0.0001621200801186138,8.837235927581787
y,partial,3,7,0.0031622776601683794,correlated_pymatching,0.0106901488164597,3211,300370,0.00018764187547534833,7.504212856292725
x,all,3,7,0.0031622776601683794,correlated_pymatching,0.012694284038139396,3592,282962,0.00021045821045041568,8.626985788345337
y,all,3,7,0.0031622776601683794,correlated_pymatching,0.011812349926531197,3296,279030,0.00020453254080240112,7.700510025024414
x,none,3,4,0.005623413251903491,correlated_pymatching,0.0842489251747948,3880,46054,0.001294306775678461,3.834591865539551
y,none,3,4,0.005623413251903491,correlated_pymatching,0.08738551391531348,3950,45202,0.0013282645316063406,3.8270809650421143
x,partial,3,7,0.005623413251903491,correlated_pymatching,0.07266883549562968,3708,51026,0.0011492003924574838,4.213015079498291
y,partial,3,7,0.005623413251903491,correlated_pymatching,0.07651885686567768,3786,49478,0.001195066808263292,3.945751905441284
x,all,3,7,0.005623413251903491,correlated_pymatching,0.0953827172210886,4020,42146,0.0014308335144317882,3.651499032974243
y,all,3,7,0.005623413251903491,correlated_pymatching,0.0883145461894283,3933,44534,0.00134459899156762,3.566190004348755
x,none,3,4,0.01,correlated_pymatching,0.34028982549239717,6669,19598,0.0033845052837684067,3.2037570476531982
y,none,3,4,0.01,correlated_pymatching,0.3373122451009649,6782,20106,0.003334323147623197,3.2141902446746826
x,partial,3,7,0.01,correlated_pymatching,0.33071068600226267,6431,19446,0.0033737734707861115,3.2990517616271973
y,partial,3,7,0.01,correlated_pymatching,0.3264120440537537,6461,19794,0.0033328322970195765,3.4586822986602783
x,all,3,7,0.01,correlated_pymatching,0.37807582638082166,7160,18938,0.003523636644372862,3.286585807800293
y,all,3,7,0.01,correlated_pymatching,0.3593632354522964,6682,18594,0.0035187331951686916,3.327162027359009
x,none,1,2,0.00031622776601683794,tesseract,0.002862501151195988,3419,1194410,4.8884777636243744e-05,24.96861505508423
y,none,1,2,0.00031622776601683794,tesseract,0.0030083442012622023,3557,1182378,5.0365291744300515e-05,24.6210618019104
x,partial,1,3,0.00031622776601683794,tesseract,0.00030177724303433455,3220,10670122,5.317322614393411e-06,315.4252300262451
y,partial,1,3,0.00031622776601683794,tesseract,0.00030134445589269235,3488,11574794,5.1016366231057e-06,315.19133496284485
x,all,1,3,0.00031622776601683794,tesseract,0.00035324676802318524,3974,11249926,5.602573277956314e-06,314.8016471862793
y,all,1,3,0.00031622776601683794,tesseract,0.0003441932986048303,3132,9099538,6.149173971859367e-06,226.3752191066742
x,none,1,2,0.0005623413251903491,tesseract,0.0056067422491389894,3168,565034,9.933380931710741e-05,20.559579849243164
y,none,1,2,0.0005623413251903491,tesseract,0.005558943974906335,3190,573850,9.814913548096699e-05,20.53157091140747
x,partial,1,3,0.0005623413251903491,tesseract,0.0009396205761817387,4110,4374106,1.4649657649063149e-05,229.210951089859
y,partial,1,3,0.0005623413251903491,tesseract,0.0009402382235232441,3361,3574626,1.621061084586839e-05,166.67322206497192
x,all,1,3,0.0005623413251903491,tesseract,0.0010946940273036613,4022,3674086,1.725177857735781e-05,164.68363904953003
y,all,1,3,0.0005623413251903491,tesseract,0.0010991083518813755,3112,2831386,1.9691641213656836e-05,120.52201509475708
x,none,1,2,0.001,tesseract,0.011334607327436186,3452,304554,0.000191820823807232,17.96034526824951
y,none,1,2,0.001,tesseract,0.011401741678402052,3611,316706,0.00018865458887925952,17.76128315925598
x,partial,1,3,0.001,tesseract,0.0030111073386040648,3104,1030850,5.39647961647682e-05,89.3747193813324
y,partial,1,3,0.001,tesseract,0.0029867801805607457,3309,1107882,5.1844815781395005e-05,87.88199496269226
x,all,1,3,0.001,tesseract,0.0034993962080754155,3773,1078186,5.6870689985594636e-05,87.27540016174316
y,all,1,3,0.001,tesseract,0.0034496613116874147,3297,955746,5.997449572410616e-05,68.07933592796326
x,none,1,2,0.0017782794100389228,tesseract,0.023718393947006755,3210,135338,0.00041363789124079374,15.229318141937256
y,none,1,2,0.0017782794100389228,tesseract,0.02424683365751533,3266,134698,0.0004190992922974927,13.92524003982544
x,partial,1,3,0.0017782794100389228,tesseract,0.009040825342376758,3479,384810,0.00015258391237104558,65.19145393371582
y,partial,1,3,0.0017782794100389228,tesseract,0.009383089397475985,3835,408714,0.00015080510337235555,65.01448392868042
x,all,1,3,0.0017782794100389228,tesseract,0.010570934820176726,3242,306690,0.00018467122145036057,50.20031690597534
y,all,1,3,0.0017782794100389228,tesseract,0.010530283001355662,3744,355546,0.00017118802302820504,49.3437397480011
x,none,1,2,0.0031622776601683794,tesseract,0.052203165830655096,3476,66586,0.0008620145260730285,14.368031978607178
y,none,1,2,0.0031622776601683794,tesseract,0.05224464022611781,3475,66514,0.0008628046220115655,13.864498853683472
x,partial,1,3,0.0031622776601683794,tesseract,0.02706598592343249,3361,124178,0.0004605017540278028,41.557212114334106
y,partial,1,3,0.0031622776601683794,tesseract,0.02927530345398591,3748,128026,0.00047113964867516125,36.87333297729492
x,all,1,3,0.0031622776601683794,tesseract,0.03253201702392289,3348,102914,0.0005530145616100901,29.546621084213257
y,all,1,3,0.0031622776601683794,tesseract,0.031179327150646027,3557,114082,0.0005145724196514972,29.842287302017212
x,none,1,2,0.005623413251903491,tesseract,0.1188353498903276,3359,28266,0.0019247271849984374,12.08258605003357
y,none,1,2,0.005623413251903491,tesseract,0.12309889325240986,3448,28010,0.0019631153949772003,11.328362941741943
x,partial,1,3,0.005623413251903491,tesseract,0.08042307875553861,3376,41978,0.0013273134870595128,29.66083812713623
y,partial,1,3,0.005623413251903491,tesseract,0.08028758402706673,3607,44926,0.0012820393139538805,28.515984058380127
x,all,1,3,0.005623413251903491,tesseract,0.08918151303898786,3454,38730,0.001448203484523577,24.903501272201538
y,all,1,3,0.005623413251903491,tesseract,0.09159837208005799,3286,35874,0.0015229755376479272,20.132765293121338
x,none,1,2,0.01,tesseract,0.24434884060084586,3351,13714,0.003669304430671954,12.687366008758545
y,none,1,2,0.01,tesseract,0.2513231513685166,3324,13226,0.0037718046449083703,13.113434076309204
x,partial,1,3,0.01,tesseract,0.19851825924629565,3403,17142,0.003046606049901203,34.17184281349182
y,partial,1,3,0.01,tesseract,0.19914898717487714,3323,16686,0.003091639134049291,31.564090967178345
x,all,1,3,0.01,tesseract,0.2191380569758948,3600,16428,0.0032274066144693924,29.210208415985107
y,all,1,3,0.01,tesseract,0.2211029316802273,3424,15486,0.003334783604976629,25.044020891189575
x,none,2,3,0.00031622776601683794,tesseract,0.00013503035771792265,3024,22394964,2.455337525575703e-06,4648.214154958725
x,none,1,2,0.0001,pymatching,0.001163561913326622,3835,3295914,1.877820178763172e-05,2.29315185546875
y,none,1,2,0.0001,pymatching,0.0019697165323133057,3997,2029226,3.1124939478235504e-05,2.014094829559326
x,partial,1,3,0.0001,pymatching,0.00020207427778365556,3373,16691882,3.479036462068577e-06,2.7325968742370605
y,partial,1,3,0.0001,pymatching,0.0003427917978094768,3813,11123370,5.550378114535825e-06,2.4390528202056885
x,all,1,3,0.0001,pymatching,5.307327121998101e-05,3212,60520106,9.364326838829884e-07,4.9727888107299805
y,all,1,3,0.0001,pymatching,5.267402330924763e-05,3238,61472426,9.256496282719082e-07,4.830652952194214
x,none,1,2,0.00017782794100389227,pymatching,0.0020387504733901437,4016,1969834,3.2138385949135636e-05,2.356592893600464
y,none,1,2,0.00017782794100389227,pymatching,0.0034813007102639025,4077,1171114,5.442693889537834e-05,2.0608272552490234
x,partial,1,3,0.00017782794100389227,pymatching,0.0004082020298690649,3129,7665322,7.2959814375774296e-06,2.3130311965942383
y,partial,1,3,0.00017782794100389227,pymatching,0.0006820292794691777,3996,5858986,1.078554582093974e-05,2.1861660480499268
x,all,1,3,0.00017782794100389227,pymatching,0.00016643240141254691,3417,20530858,2.8469461124341855e-06,2.916733741760254
y,all,1,3,0.00017782794100389227,pymatching,0.0001604097642494872,3249,20254378,2.813980668197697e-06,2.8664090633392334
x,none,2,3,0.0001,pymatching,2.432616194320103e-05,3969,163157674,3.861248581003833e-07,22.900480031967163
y,none,2,3,0.0001,pymatching,2.4531352514634006e-05,4190,170801834,3.789737724131699e-07,23.107122898101807
x,partial,2,5,0.0001,pymatching,2.5371409206009655e-05,4108,161914538,3.9584381457569536e-07,23.179975986480713
y,partial,2,5,0.0001,pymatching,2.4906827795930142e-05,3555,142731946,4.177276348373613e-07,23.05513095855713
x,all,2,5,0.0001,pymatching,2.515389848562516e-05,4019,159776426,3.967718373818968e-07,31.51226282119751
y,all,2,5,0.0001,pymatching,2.3754223079417626e-05,3534,148773546,3.995787646451014e-07,23.229583024978638
x,none,2,3,0.00017782794100389227,pymatching,7.919449436192858e-05,3269,41278122,1.3850655660048928e-06,7.537960767745972
y,none,2,3,0.00017782794100389227,pymatching,7.760351577749981e-05,3258,41982634,1.3595306565798966e-06,7.360935211181641
x,partial,2,5,0.00017782794100389227,pymatching,8.120445704621118e-05,3953,48679594,1.2915131298608287e-06,9.876841068267822
y,partial,2,5,0.00017782794100389227,pymatching,7.748682136577659e-05,4023,51918506,1.221619630289377e-06,9.518388032913208
x,all,2,5,0.00017782794100389227,pymatching,8.25982145969725e-05,4099,49625770,1.290071449668121e-06,9.650171995162964
y,all,2,5,0.00017782794100389227,pymatching,7.85251529651997e-05,3930,50047658,1.2525511316971786e-06,9.534027099609375
x,none,3,4,0.0001,pymatching,3.030893249508001e-06,3015,994756249,5.5198378996485085e-08,302.3995289802551
y,none,3,4,0.0001,pymatching,3.0227925760708423e-06,3010,995767961,5.509655474532578e-08,308.61104798316956
x,partial,3,7,0.0001,pymatching,9.801679427657263e-06,3497,356775594,1.6574885992307533e-07,114.86329221725464
y,partial,3,7,0.0001,pymatching,9.212535136976703e-06,3182,345398954,1.6331537375798438e-07,114.74706101417542
x,all,3,7,0.0001,pymatching,7.933972659868873e-06,3233,407488170,1.3953595350291263e-07,160.28803992271423
y,all,3,7,0.0001,pymatching,7.089717802490115e-06,3261,459961890,1.2415151114141576e-07,160.41381692886353
x,none,3,4,0.00017782794100389227,pymatching,1.064477471103079e-05,3434,322599594,1.8164942080301842e-07,114.84600591659546
y,none,3,4,0.00017782794100389227,pymatching,1.0825529061975182e-05,3913,361460394,1.7305806981793691e-07,159.86863589286804
x,partial,3,7,0.00017782794100389227,pymatching,3.078338655840911e-05,3794,123248298,4.997594880547606e-07,60.356112003326416
y,partial,3,7,0.00017782794100389227,pymatching,2.9060635166539773e-05,3266,112385706,5.084997005829921e-07,60.332780838012695
x,all,3,7,0.00017782794100389227,pymatching,2.568170072394015e-05,3149,122616490,4.5764832124318403e-07,60.22525596618652
y,all,3,7,0.00017782794100389227,pymatching,2.4456108283420456e-05,3044,124467882,4.4326119601376313e-07,60.26900792121887
x,none,1,2,0.0001,correlated_pymatching,0.001176941799919894,3438,2921130,2.0060711445450852e-05,5.5805230140686035
y,none,1,2,0.0001,correlated_pymatching,0.0020462062467954695,3488,1704618,3.461117831270698e-05,3.8163111209869385
x,partial,1,3,0.0001,correlated_pymatching,0.0001890462179745816,3039,16075434,3.4289534438533144e-06,23.974129915237427
y,partial,1,3,0.0001,correlated_pymatching,0.00032427042771060417,4034,12440234,5.104685279863913e-06,17.489504098892212
x,all,1,3,0.0001,correlated_pymatching,8.57091667291281e-05,3076,35888810,1.5453095729988308e-06,43.99360203742981
y,all,1,3,0.0001,correlated_pymatching,7.335359216516793e-05,3819,52062890,1.1869450894019768e-06,131.0589051246643
x,none,1,2,0.00017782794100389227,correlated_pymatching,0.0020829507400637703,3380,1622698,3.579050864616143e-05,4.433879137039185
y,none,1,2,0.00017782794100389227,correlated_pymatching,0.003562683923168141,3431,963038,6.0714430627573044e-05,7.216767072677612
x,partial,1,3,0.00017782794100389227,correlated_pymatching,0.0003778113567280958,3922,10380842,6.031692009830354e-06,251.64887928962708
y,partial,1,3,0.00017782794100389227,correlated_pymatching,0.0005973023396887842,3206,5367466,1.054587733752932e-05,93.49222016334534
x,all,1,3,0.00017782794100389227,correlated_pymatching,0.0002135358861628004,4030,18872706,3.3633493129169417e-06,143.98043513298035
y,all,1,3,0.00017782794100389227,correlated_pymatching,0.00019593322330077741,3186,16260642,3.470904359335566e-06,134.36844277381897
x,none,2,3,0.0001,correlated_pymatching,1.5378173459783498e-05,3028,196902448,2.794624618264939e-07,1022.0593638420105
y,none,2,3,0.0001,correlated_pymatching,1.5810591660138766e-05,3003,189935966,2.8851408703837783e-07,913.7913868427277
x,partial,2,5,0.0001,correlated_pymatching,1.2175262504627493e-05,3203,263074410,2.151281390556509e-07,1273.3272922039032
y,partial,2,5,0.0001,correlated_pymatching,1.2076918764286904e-05,3142,260165698,2.154519515131638e-07,1152.0199308395386
x,all,2,5,0.0001,correlated_pymatching,1.0415246215023158e-05,3205,307721962,1.8397264931126094e-07,1271.731539964676
y,all,2,5,0.0001,correlated_pymatching,1.0798173640103207e-05,3150,291715998,1.9239451439956633e-07,1272.0243163108826
x,none,2,3,0.00017782794100389227,correlated_pymatching,4.895896232000203e-05,3666,74879038,8.085843707461328e-07,311.77298402786255
y,none,2,3,0.00017782794100389227,correlated_pymatching,5.0481268228581436e-05,4122,81654050,7.862584052740725e-07,311.3369059562683
x,partial,2,5,0.00017782794100389227,correlated_pymatching,3.9709712067421766e-05,3996,100630294,6.281673727528346e-07,431.7654311656952
y,partial,2,5,0.00017782794100389227,correlated_pymatching,3.839476278049366e-05,3710,96627762,6.303426546510303e-07,432.4693639278412
x,all,2,5,0.00017782794100389227,correlated_pymatching,3.247629570504534e-05,3390,104383826,5.577756946675573e-07,431.7706551551819
y,all,2,5,0.00017782794100389227,correlated_pymatching,3.515361184166224e-05,3388,96377010,6.039355832845276e-07,433.220538854599
x,none,3,4,0.0001,correlated_pymatching,1.664e-06,1664,1000000000,4.079212216965428e-08,10559.748334884644
y,none,3,4,0.0001,correlated_pymatching,1.832e-06,1832,1000000000,4.2801829911535324e-08,25893.0194439888
x,partial,3,7,0.0001,correlated_pymatching,4.46e-07,446,1000000000,2.1118707372469555e-08,12488.355286836624
y,partial,3,7,0.0001,correlated_pymatching,4.23e-07,423,1000000000,2.056695945128983e-08,10864.606830835342
x,all,3,7,0.0001,correlated_pymatching,1.72e-07,172,1000000000,1.3114875920724528e-08,10901.373522996902
y,all,3,7,0.0001,correlated_pymatching,1.47e-07,147,1000000000,1.2124354761841969e-08,13007.666553735733
x,none,3,4,0.00017782794100389227,correlated_pymatching,6.096165068375998e-06,3033,497525898,1.1069275309509593e-07,5596.725699186325
y,none,3,4,0.00017782794100389227,correlated_pymatching,6.3407980533879936e-06,3025,477069286,1.1528687182720272e-07,5476.833962917328
x,partial,3,7,0.00017782794100389227,correlated_pymatching,1.569e-06,1569,1000000000,3.961057356614519e-08,13134.148670911789
y,partial,3,7,0.00017782794100389227,correlated_pymatching,1.761e-06,1761,1000000000,4.196423356715812e-08,23088.890148878098
x,all,3,7,0.00017782794100389227,correlated_pymatching,8.82e-07,882,1000000000,2.9698471712800308e-08,11449.81963801384
y,all,3,7,0.00017782794100389227,correlated_pymatching,7.96e-07,796,1000000000,2.8213460730367695e-08,11597.217132091522
x,none,4,5,0.01,pymatching,0.4160070880094507,7043,16930,0.0037881369738624188,5.56414794921875
y,none,4,5,0.01,pymatching,0.4155013983220136,6240,15018,0.004021350549505385,5.778389930725098
x,partial,4,9,0.01,pymatching,0.4181523500810373,6708,16042,0.003894418837286364,6.591181039810181
y,partial,4,9,0.01,pymatching,0.42986589343965204,7116,16554,0.0038477206128147397,5.696614980697632
x,all,4,9,0.01,pymatching,0.45647078520006695,5453,11946,0.004557290201184097,5.268927812576294
y,all,4,9,0.01,pymatching,0.45214318635735135,5886,13018,0.004362137945599936,6.368993759155273
x,none,4,5,0.005623413251903491,pymatching,0.10727862537381519,4233,39458,0.0015579267431524975,5.520308971405029
y,none,4,5,0.005623413251903491,pymatching,0.11042454589037447,4146,37546,0.0016174928462063976,5.741055965423584
x,partial,4,9,0.005623413251903491,pymatching,0.11839439242100652,4324,36522,0.0016905400442167459,6.473742723464966
y,partial,4,9,0.005623413251903491,pymatching,0.11972505493267226,4250,35498,0.0017230574202442618,5.530702829360962
x,all,4,9,0.005623413251903491,pymatching,0.15690083434176166,4927,31402,0.002052453381976389,5.651308059692383
y,all,4,9,0.005623413251903491,pymatching,0.1409782816381122,4427,31402,0.0019638102558841492,5.495255708694458
x,none,4,5,0.0031622776601683794,pymatching,0.012505912335072325,3543,283306,0.0002087839240904902,7.948729991912842
y,none,4,5,0.0031622776601683794,pymatching,0.012804754555168343,3667,286378,0.0002100957807407783,8.13459300994873
x,partial,4,9,0.0031622776601683794,pymatching,0.015528663395385623,3652,235178,0.00025495893108143895,7.059239864349365
y,partial,4,9,0.0031622776601683794,pymatching,0.01651243366519012,3765,228010,0.00026687815867827117,7.1650590896606445
x,all,4,9,0.0031622776601683794,pymatching,0.020672946558045767,3507,169642,0.00034546048222869303,6.925283193588257
y,all,4,9,0.0031622776601683794,pymatching,0.018731988472622477,3523,188074,0.00031262332726438355,7.008434057235718
x,none,4,5,0.0017782794100389228,pymatching,0.0013414783382337864,4056,3023530,2.1049568481250295e-05,26.69032597541809
y,none,4,5,0.0017782794100389228,pymatching,0.0013353633447197597,3161,2367146,2.373542643047553e-05,20.01095223426819
x,partial,4,9,0.0017782794100389228,pymatching,0.001978936330018882,3578,1808042,3.3050764304700255e-05,15.391139030456543
y,partial,4,9,0.0017782794100389228,pymatching,0.002025032815945746,3539,1747626,3.400569129571641e-05,15.249798774719238
x,all,4,9,0.0017782794100389228,pymatching,0.0022549079804570463,3599,1596074,3.754461890378734e-05,15.360097169876099
y,all,4,9,0.0017782794100389228,pymatching,0.0020258306265670866,3938,1943894,3.224964415083944e-05,20.224052906036377
x,none,4,5,0.001,pymatching,0.0001531003369954505,3330,21750442,2.652899403159302e-06,85.00821304321289
y,none,4,5,0.001,pymatching,0.0001581193562389226,3371,21319338,2.723148488795452e-06,86.22072410583496
x,partial,4,9,0.001,pymatching,0.00028873766866975906,3105,10753706,5.180956377828479e-06,45.80351710319519
y,partial,4,9,0.001,pymatching,0.00029508847547390677,3987,13511202,4.672669279260121e-06,62.644829750061035
x,all,4,9,0.001,pymatching,0.00027119169954277825,3650,13459114,4.4881882461252774e-06,62.26257514953613
y,all,4,9,0.001,pymatching,0.00025173143521192454,3261,12954282,4.407652859955459e-06,62.26704788208008
x,none,4,5,0.0005623413251903491,pymatching,2.0902424500483e-05,3631,173711906,3.468797919389373e-07,434.0350420475006
y,none,4,5,0.0005623413251903491,pymatching,2.121830046012355e-05,3654,172209834,3.5101179953559606e-07,433.9182209968567
x,partial,4,9,0.0005623413251903491,pymatching,4.3838965444711876e-05,3642,83076778,7.264083140709265e-07,225.39557194709778
y,partial,4,9,0.0005623413251903491,pymatching,4.3462616346328696e-05,3707,85291690,7.138305576016427e-07,225.2566921710968
x,all,4,9,0.0005623413251903491,pymatching,3.919840142381768e-05,3142,80156330,6.992890918721536e-07,226.00089287757874
y,all,4,9,0.0005623413251903491,pymatching,3.6370608011622365e-05,3944,108439210,5.791275296250171e-07,313.8785939216614
x,none,4,5,0.00031622776601683794,pymatching,3.1485508242694125e-06,3105,986167978,5.650400376349184e-08,1874.425055027008
y,none,4,5,0.00031622776601683794,pymatching,3.14801685360711e-06,3108,987288234,5.646714889231512e-08,1873.5929260253906
x,partial,4,9,0.00031622776601683794,pymatching,7.39371202001172e-06,3390,458497706,1.269875301556718e-07,914.549067735672
y,partial,4,9,0.00031622776601683794,pymatching,7.403029189636508e-06,3442,464944810,1.261834569409547e-07,913.9763658046722
x,all,4,9,0.00031622776601683794,pymatching,6.273956421306134e-06,3085,491715242,1.1295684438279612e-07,1034.0270609855652
y,all,4,9,0.00031622776601683794,pymatching,5.69918043251607e-06,3149,552535586,1.0156050198493265e-07,1154.0062370300293
x,none,4,5,0.01,correlated_pymatching,0.3762404044186482,4019,10682,0.0046872168828091705,232.1520218849182
y,none,4,5,0.01,correlated_pymatching,0.36588959181904845,4222,11539,0.004484080307483779,319.6730170249939
x,partial,4,9,0.01,correlated_pymatching,0.34945621064682314,3663,10482,0.004657067916266704,441.34226870536804
y,partial,4,9,0.01,correlated_pymatching,0.3599002122110447,22217,61731,0.0019318047821594454,408.345890045166
x,all,4,9,0.01,correlated_pymatching,0.42169956269944453,3568,8461,0.0053686796233400474,320.64860010147095
y,all,4,9,0.01,correlated_pymatching,0.4098116947472745,3308,8072,0.005473900476046328,319.85191893577576
x,none,4,5,0.005623413251903491,correlated_pymatching,0.06345511953089761,3517,55425,0.0010354873064708637,39.67800712585449
y,none,4,5,0.005623413251903491,correlated_pymatching,0.06492580156921418,3732,57481,0.001027707531839323,801.9018859863281
x,partial,4,9,0.005623413251903491,correlated_pymatching,0.05360736611515789,3010,56149,0.0009505542271099613,2004.847379207611
y,partial,4,9,0.005623413251903491,correlated_pymatching,0.052285551586685304,3030,57951,0.0009246963227808829,2004.421498298645
x,all,4,9,0.005623413251903491,correlated_pymatching,0.07811492825936447,3272,41887,0.0013111904637283802,1401.9867660999298
y,all,4,9,0.005623413251903491,correlated_pymatching,0.06934041490762177,3055,44058,0.0012102532456509532,1884.2083270549774
x,none,4,5,0.0031622776601683794,correlated_pymatching,0.0055894182397768595,3591,642464,9.301259771483551e-05,1161.701285123825
y,none,4,5,0.0031622776601683794,correlated_pymatching,0.005898043758872095,3299,559338,0.00010238404808486499,23259.18978190422
x,partial,4,9,0.0031622776601683794,correlated_pymatching,0.003932147236780445,7577,1926937,4.5084326849674724e-05,4648.554843902588
y,partial,4,9,0.0031622776601683794,correlated_pymatching,0.003864935124645355,4035,1044002,6.0726682023995874e-05,47.47238779067993
x,all,4,9,0.0031622776601683794,correlated_pymatching,0.005471112469053663,3832,700406,8.813970519826432e-05,35.743407011032104
y,all,4,9,0.0031622776601683794,correlated_pymatching,0.004653797242577479,3418,734454,7.941609177173211e-05,35.89120268821716
x,none,4,5,0.0017782794100389228,correlated_pymatching,0.0005429806955335597,4065,7486454,8.514049596919013e-06,226.75179600715637
y,none,4,5,0.0017782794100389228,correlated_pymatching,0.0005671010078375861,3943,6952906,9.028671485783801e-06,227.49364304542542
x,partial,4,9,0.0017782794100389228,correlated_pymatching,0.0002817800898467309,3543,12573635,4.733294544813733e-06,438.31933212280273
y,partial,4,9,0.0017782794100389228,correlated_pymatching,0.00027376551171779886,3708,13544438,4.495204125156112e-06,436.49934101104736
x,all,4,9,0.0017782794100389228,correlated_pymatching,0.00036401002625612684,3394,9323919,6.247098718132716e-06,316.8286278247833
y,all,4,9,0.0017782794100389228,correlated_pymatching,0.00030646704044628813,4080,13313014,4.797192368933177e-06,435.44770789146423
x,none,4,5,0.001,correlated_pymatching,6.254272226864368e-05,3245,51884534,1.0978824648717992e-06,1397.249402999878
y,none,4,5,0.001,correlated_pymatching,6.526483020125135e-05,3074,47100406,1.177099318683174e-06,1276.9974031448364
x,partial,4,9,0.001,correlated_pymatching,2.290783969358279e-05,3014,131570678,4.1726075244885133e-07,3800.1935653686523
y,partial,4,9,0.001,correlated_pymatching,2.361854062987314e-05,3004,127188214,4.3092130508974046e-07,3681.196942806244
x,all,4,9,0.001,correlated_pymatching,2.44498097752373e-05,3078,125890550,4.406927111542621e-07,3679.7705829143524
y,all,4,9,0.001,correlated_pymatching,2.202756188788604e-05,3006,136465398,4.0176042861495824e-07,4041.4881081581116
y,none,4,5,0.0005623413251903491,correlated_pymatching,8.617425290119521e-06,310,35973622,4.894347585789699e-07,916.0661108493805
y,partial,4,9,0.0005623413251903491,correlated_pymatching,2.4370153968004615e-06,306,125563425,1.3931472775088443e-07,3440.1800570487976
y,all,4,9,0.0005623413251903491,correlated_pymatching,1.9453128733296147e-06,301,154730894,1.1212586090228876e-07,4282.388554096222
y,none,4,5,0.00031622776601683794,correlated_pymatching,1.4703147601967917e-06,301,204718070,8.47474715758552e-08,4881.020546674728
y,partial,4,9,0.00031622776601683794,correlated_pymatching,2.62e-07,131,500000000,2.2891043285791934e-08,12730.11436009407
y,all,4,9,0.00031622776601683794,correlated_pymatching,1.8e-07,90,500000000,1.8973664253380262e-08,12755.572059869766
